model,metric,score,std_dev
Naive Bayes,Accuracy,0.8476955952150849,0.013556645456601842
Naive Bayes,Precision,0.8481693459748578,0.013459714690693101
Naive Bayes,Recall,0.8476975391498881,0.013561125367600532
Naive Bayes,F1 Score,0.8428557228675778,0.013837729942622815
